{
  "date": "2025-01-01T09:00:00",
  "players": [
    {
      "position": {
        "x": 0,
        "y": 0
      },
      "farm": {
        "buildings": [],
        "cells": [
          {
            "position": {
              "x": 0,
              "y": 0
            },
            "objectOnCell": {
              "type": "building",
              "isWalkable": false,
              "color": "gray"
            },
            "hasBeenPlowed": false
          }
        ],
        "farmNumber": 1
      },
      "trashcanType": "DEFAULT",
      "animals": [],
      "energy": 200,
      "maxEnergy": 200,
      "inventory": {
        "type": "DEFAULT",
        "loots": [
          {
            "item": {
              "type": "HOE",
              "waterReserve": 0,
              "quality": "DEFAULT",
              "maxSize": 1,
              "value": 0,
              "energyCost": 5.0,
              "name": "Default Hoe"
            },
            "count": 1
          },
          {
            "item": {
              "type": "PICKAXE",
              "waterReserve": 0,
              "quality": "DEFAULT",
              "maxSize": 1,
              "value": 0,
              "energyCost": 5.0,
              "name": "Default Pickaxe"
            },
            "count": 1
          },
          {
            "item": {
              "type": "AXE",
              "waterReserve": 0,
              "quality": "DEFAULT",
              "maxSize": 1,
              "value": 0,
              "energyCost": 5.0,
              "name": "Default Axe"
            },
            "count": 1
          },
          {
            "item": {
              "type": "WATERING_CAN_DEFAULT",
              "waterReserve": 40,
              "quality": "DEFAULT",
              "maxSize": 1,
              "value": 0,
              "energyCost": 5.0,
              "name": "Default Water Can"
            },
            "count": 1
          },
          {
            "item": {
              "type": "SCYTHE",
              "waterReserve": 0,
              "quality": "DEFAULT",
              "maxSize": 1,
              "value": 0,
              "energyCost": 5.0,
              "name": "Default Scythe"
            },
            "count": 1
          }
        ]
      },
      "money": 0,
      "skills": [
        {
          "level": "ZERO",
          "xp": 0
        },
        {
          "level": "ZERO",
          "xp": 0
        },
        {
          "level": "ZERO",
          "xp": 0
        },
        {
          "level": "ZERO",
          "xp": 0
        }
      ],
      "quests": [],
      "cookingRecipes": [
        "FRIED_EGG",
        "BAKED_FISH",
        "SALAD"
      ],
      "craftingRecipes": [
        "FURNACE",
        "SCARE_CROW",
        "MAYONNAISE_MACHINE"
      ],
      "isPlayerFainted": false,
      "id": 0,
      "refrigeratorLoots": [],
      "currentTurnUsedEnergy": 0,
      "isInVillage": false,
      "isInFarm": false,
      "isCloseToLake": false,
      "isInHouse": false,
      "currentPlaceNumber": 0,
      "activeBuffs": [],
      "notifications": []
    },
    {
      "position": {
        "x": 0,
        "y": 0
      },
      "farm": {
        "buildings": [],
        "cells": [
          {
            "position": {
              "x": 0,
              "y": 0
            },
            "objectOnCell": {
              "type": "building",
              "isWalkable": false,
              "color": "gray"
            },
            "hasBeenPlowed": false
          }
        ],
        "farmNumber": 2
      },
      "trashcanType": "DEFAULT",
      "animals": [],
      "energy": 200,
      "maxEnergy": 200,
      "inventory": {
        "type": "DEFAULT",
        "loots": [
          {
            "item": {
              "type": "HOE",
              "waterReserve": 0,
              "quality": "DEFAULT",
              "maxSize": 1,
              "value": 0,
              "energyCost": 5.0,
              "name": "Default Hoe"
            },
            "count": 1
          },
          {
            "item": {
              "type": "PICKAXE",
              "waterReserve": 0,
              "quality": "DEFAULT",
              "maxSize": 1,
              "value": 0,
              "energyCost": 5.0,
              "name": "Default Pickaxe"
            },
            "count": 1
          },
          {
            "item": {
              "type": "AXE",
              "waterReserve": 0,
              "quality": "DEFAULT",
              "maxSize": 1,
              "value": 0,
              "energyCost": 5.0,
              "name": "Default Axe"
            },
            "count": 1
          },
          {
            "item": {
              "type": "WATERING_CAN_DEFAULT",
              "waterReserve": 40,
              "quality": "DEFAULT",
              "maxSize": 1,
              "value": 0,
              "energyCost": 5.0,
              "name": "Default Water Can"
            },
            "count": 1
          },
          {
            "item": {
              "type": "SCYTHE",
              "waterReserve": 0,
              "quality": "DEFAULT",
              "maxSize": 1,
              "value": 0,
              "energyCost": 5.0,
              "name": "Default Scythe"
            },
            "count": 1
          }
        ]
      },
      "money": 0,
      "skills": [
        {
          "level": "ZERO",
          "xp": 0
        },
        {
          "level": "ZERO",
          "xp": 0
        },
        {
          "level": "ZERO",
          "xp": 0
        },
        {
          "level": "ZERO",
          "xp": 0
        }
      ],
      "quests": [],
      "cookingRecipes": [
        "FRIED_EGG",
        "BAKED_FISH",
        "SALAD"
      ],
      "craftingRecipes": [
        "FURNACE",
        "SCARE_CROW",
        "MAYONNAISE_MACHINE"
      ],
      "isPlayerFainted": false,
      "id": 0,
      "refrigeratorLoots": [],
      "currentTurnUsedEnergy": 0,
      "isInVillage": false,
      "isInFarm": false,
      "isCloseToLake": false,
      "isInHouse": false,
      "currentPlaceNumber": 0,
      "activeBuffs": [],
      "notifications": []
    }
  ],
  "isGameOver": false,
  "season": "SPRING",
  "weather": "SUNNY",
  "weatherToday": "SUNNY",
  "weatherTomorrow": "SUNNY",
  "currentPlayer": {
    "position": {
      "x": 0,
      "y": 0
    },
    "farm": {
      "buildings": [],
      "cells": [
        {
          "position": {
            "x": 0,
            "y": 0
          },
          "objectOnCell": {
            "type": "building",
            "isWalkable": false,
            "color": "gray"
          },
          "hasBeenPlowed": false
        }
      ],
      "farmNumber": 2
    },
    "trashcanType": "DEFAULT",
    "animals": [],
    "energy": 200,
    "maxEnergy": 200,
    "inventory": {
      "type": "DEFAULT",
      "loots": [
        {
          "item": {
            "type": "HOE",
            "waterReserve": 0,
            "quality": "DEFAULT",
            "maxSize": 1,
            "value": 0,
            "energyCost": 5.0,
            "name": "Default Hoe"
          },
          "count": 1
        },
        {
          "item": {
            "type": "PICKAXE",
            "waterReserve": 0,
            "quality": "DEFAULT",
            "maxSize": 1,
            "value": 0,
            "energyCost": 5.0,
            "name": "Default Pickaxe"
          },
          "count": 1
        },
        {
          "item": {
            "type": "AXE",
            "waterReserve": 0,
            "quality": "DEFAULT",
            "maxSize": 1,
            "value": 0,
            "energyCost": 5.0,
            "name": "Default Axe"
          },
          "count": 1
        },
        {
          "item": {
            "type": "WATERING_CAN_DEFAULT",
            "waterReserve": 40,
            "quality": "DEFAULT",
            "maxSize": 1,
            "value": 0,
            "energyCost": 5.0,
            "name": "Default Water Can"
          },
          "count": 1
        },
        {
          "item": {
            "type": "SCYTHE",
            "waterReserve": 0,
            "quality": "DEFAULT",
            "maxSize": 1,
            "value": 0,
            "energyCost": 5.0,
            "name": "Default Scythe"
          },
          "count": 1
        }
      ]
    },
    "money": 0,
    "skills": [
      {
        "level": "ZERO",
        "xp": 0
      },
      {
        "level": "ZERO",
        "xp": 0
      },
      {
        "level": "ZERO",
        "xp": 0
      },
      {
        "level": "ZERO",
        "xp": 0
      }
    ],
    "quests": [],
    "cookingRecipes": [
      "FRIED_EGG",
      "BAKED_FISH",
      "SALAD"
    ],
    "craftingRecipes": [
      "FURNACE",
      "SCARE_CROW",
      "MAYONNAISE_MACHINE"
    ],
    "isPlayerFainted": false,
    "id": 0,
    "refrigeratorLoots": [],
    "currentTurnUsedEnergy": 0,
    "isInVillage": false,
    "isInFarm": false,
    "isCloseToLake": false,
    "isInHouse": false,
    "currentPlaceNumber": 0,
    "activeBuffs": [],
    "notifications": []
  }
}